Workbook

Sheet Commandes
A1: ID | B1: Client | C1: Description (colonne très large avec retour à la ligne) | D1: Quantité | E1: Prix | F1: Total
A2: 1000 | B2: Client 1 | C2: Cette description est volontairement longue pour vérifier que le retour à la ligne automatique (wrap text) et une largeur de colonne explicitement très large sont bien respectés après conversion en PDF. | D2: 3 | E2: 9.99 | F2: =D2*E2
A3: 1001 | B3: Client 2 | C3: Cette description est volontairement longue pour vérifier que le retour à la ligne automatique (wrap text) et une largeur de colonne explicitement très large sont bien respectés après conversion en PDF. | D3: 4 | E3: 10.99 | F3: =D3*E3
A4: 1002 | B4: Client 3 | C4: Cette description est volontairement longue pour vérifier que le retour à la ligne automatique (wrap text) et une largeur de colonne explicitement très large sont bien respectés après conversion en PDF. | D4: 5 | E4: 11.99 | F4: =D4*E4
A5: 1003 | B5: Client 4 | C5: Cette description est volontairement longue pour vérifier que le retour à la ligne automatique (wrap text) et une largeur de colonne explicitement très large sont bien respectés après conversion en PDF. | D5: 6 | E5: 12.99 | F5: =D5*E5
A6: 1004 | B6: Client 5 | C6: Cette description est volontairement longue pour vérifier que le retour à la ligne automatique (wrap text) et une largeur de colonne explicitement très large sont bien respectés après conversion en PDF. | D6: 7 | E6: 13.99 | F6: =D6*E6
A7: 1005 | B7: Client 6 | C7: Cette description est volontairement longue pour vérifier que le retour à la ligne automatique (wrap text) et une largeur de colonne explicitement très large sont bien respectés après conversion en PDF. | D7: 8 | E7: 14.99 | F7: =D7*E7
A8: 1006 | B8: Client 7 | C8: Cette description est volontairement longue pour vérifier que le retour à la ligne automatique (wrap text) et une largeur de colonne explicitement très large sont bien respectés après conversion en PDF. | D8: 9 | E8: 15.99 | F8: =D8*E8
A9: 1007 | B9: Client 8 | C9: Cette description est volontairement longue pour vérifier que le retour à la ligne automatique (wrap text) et une largeur de colonne explicitement très large sont bien respectés après conversion en PDF. | D9: 10 | E9: 16.99 | F9: =D9*E9
A10: 1008 | B10: Client 9 | C10: Cette description est volontairement longue pour vérifier que le retour à la ligne automatique (wrap text) et une largeur de colonne explicitement très large sont bien respectés après conversion en PDF. | D10: 11 | E10: 17.99 | F10: =D10*E10
A11: 1009 | B11: Client 10 | C11: Cette description est volontairement longue pour vérifier que le retour à la ligne automatique (wrap text) et une largeur de colonne explicitement très large sont bien respectés après conversion en PDF. | D11: 12 | E11: 18.99 | F11: =D11*E11

Sheet Seuils
A1: Total commande | B1: Statut
A2: =Commandes!F2 | B2: =IF(A2>100,"Priorité","Standard")
A3: =Commandes!F3 | B3: =IF(A3>100,"Priorité","Standard")
A4: =Commandes!F4 | B4: =IF(A4>100,"Priorité","Standard")
A5: =Commandes!F5 | B5: =IF(A5>100,"Priorité","Standard")
A6: =Commandes!F6 | B6: =IF(A6>100,"Priorité","Standard")
A7: =Commandes!F7 | B7: =IF(A7>100,"Priorité","Standard")
A8: =Commandes!F8 | B8: =IF(A8>100,"Priorité","Standard")
A9: =Commandes!F9 | B9: =IF(A9>100,"Priorité","Standard")
A10: =Commandes!F10 | B10: =IF(A10>100,"Priorité","Standard")
A11: =Commandes!F11 | B11: =IF(A11>100,"Priorité","Standard")

Sheet Recherche
A1: ID recherché | B1: Client trouvé (VLOOKUP)
A2: 1003 | B2: =VLOOKUP(A2,Commandes!A:B,2,FALSE)
A3: 1007 | B3: =VLOOKUP(A3,Commandes!A:B,2,FALSE)
